{
  "code": 10000,
  "msg": "success",
  "data": {
    "item_list": [
      {
        "cName": "美国",
        "eName": "america",
        "icon_url": "http://img01.taojae.com/party/5442b52c92897b90a0e59de688be3688.png"
      },
      {
        "cName": "英国",
        "eName": "england",
        "icon_url": "http://img01.taojae.com/party/5a2f922c98deee793c275c024235715f.png"
      },
      {
        "cName": "法国",
        "eName": "french",
        "icon_url": "http://img01.taojae.com/party/b21fda1b77f37119c2ca75d0977bbd29.png"
      },
      {
        "cName": "德国",
        "eName": "germany",
        "icon_url": "http://img01.taojae.com/party/3318dd1565c02c38cf17907de3408c32.png"
      },
      {
        "cName": "匈牙利",
        "eName": "hungary",
        "icon_url": "http://img01.taojae.com/party/293cee67f541f70db958f7248b767495.png"
      },
      {
        "cName": "意大利",
        "eName": "italy",
        "icon_url": "http://img01.taojae.com/party/00e5b02759749a45f11eca756d1806a0.png"
      },
      {
        "cName": "日本",
        "eName": "japan",
        "icon_url": "http://img01.taojae.com/party/999c2e47a780b36af66b174ad824316a.png"
      },
      {
        "cName": "韩国",
        "eName": "korea",
        "icon_url": "http://img01.taojae.com/party/553c65a44ebd9ce909b20c7b4545651c.png"
      },
      {
        "cName": "马来西亚",
        "eName": "malaysia",
        "icon_url": "http://img01.taojae.com/party/0f202fbb33ad1dd046020ce13170b3b3.png"
      },
      {
        "cName": "新西兰",
        "eName": "new-zealand",
        "icon_url": "http://img01.taojae.com/party/00f3797fdb945c692aec38163aa4dd5a.png"
      },
      {
        "cName": "挪威",
        "eName": "norway",
        "icon_url": "http://img01.taojae.com/party/0c6f9723d64bf6044168b5c18288c6b2.png"
      },
      {
        "cName": "俄罗斯",
        "eName": "russia",
        "icon_url": "http://img01.taojae.com/party/a82d347829ee7a33adfe07453a7c6834.png"
      },
      {
        "cName": "西班牙",
        "eName": "spain",
        "icon_url": "http://img01.taojae.com/party/6726ac2fd2345c3d25cddcd7156e3732.png"
      },
      {
        "cName": "瑞典",
        "eName": "sweden",
        "icon_url": "http://img01.taojae.com/party/115e7d9f67f905b2786a42d017ab6675.png"
      },
      {
        "cName": "土耳其",
        "eName": "turkey",
        "icon_url": "http://img01.taojae.com/party/988e87abcc2bb4639a89f2c99a4bf5d2.png"
      },
      {
        "cName": "荷兰",
        "eName": "netherlands",
        "icon_url": "http://img01.taojae.com/party/28ed6eccd5105515556f954ec1137ff7.png"
      },
      {
        "cName": "爱尔兰",
        "eName": "ireland",
        "icon_url": "http://img01.taojae.com/party/c0bd230dc25891be1cdc5275741865b2.png"
      },
      {
        "cName": "以色列",
        "eName": "israel",
        "icon_url": "http://img01.taojae.com/party/1e2d6c03a4928fff5584e7f3b746e287.png"
      },
      {
        "cName": "苏格兰",
        "eName": "scotland",
        "icon_url": "http://img01.taojae.com/party/c2fc2b6446aeecaf20f4d001f074e016.png"
      },
      {
        "cName": "中国",
        "eName": "",
        "icon_url": ""
      },
      {
        "cName": "阿富汗",
        "eName": "",
        "icon_url": ""
      },
      {
        "cName": "也门",
        "eName": "",
        "icon_url": ""
      },
      {
        "cName": "苏丹",
        "eName": "",
        "icon_url": ""
      },
      {
        "cName": "阿联酋",
        "eName": "",
        "icon_url": ""
      },
      {
        "cName": "巴林",
        "eName": "",
        "icon_url": ""
      },
      {
        "cName": "巴勒斯坦",
        "eName": "",
        "icon_url": ""
      },
      {
        "cName": "巴基斯坦",
        "eName": "",
        "icon_url": ""
      },
      {
        "cName": "不丹",
        "eName": "",
        "icon_url": ""
      },
      {
        "cName": "朝鲜",
        "eName": "",
        "icon_url": ""
      },
      {
        "cName": "菲律宾",
        "eName": "",
        "icon_url": ""
      },
      {
        "cName": "柬埔寨",
        "eName": "",
        "icon_url": ""
      },
      {
        "cName": "卡塔尔",
        "eName": "",
        "icon_url": ""
      },
      {
        "cName": "科威特",
        "eName": "",
        "icon_url": ""
      },
      {
        "cName": "老挝",
        "eName": "",
        "icon_url": ""
      },
      {
        "cName": "黎巴嫩",
        "eName": "",
        "icon_url": ""
      },
      {
        "cName": "马尔代夫",
        "eName": "",
        "icon_url": ""
      },
      {
        "cName": "锡金",
        "eName": "",
        "icon_url": ""
      },
      {
        "cName": "孟加拉",
        "eName": "",
        "icon_url": ""
      },
      {
        "cName": "蒙古",
        "eName": "",
        "icon_url": ""
      },
      {
        "cName": "缅甸",
        "eName": "",
        "icon_url": ""
      },
      {
        "cName": "尼泊尔",
        "eName": "",
        "icon_url": ""
      },
      {
        "cName": "塞浦路斯",
        "eName": "",
        "icon_url": ""
      },
      {
        "cName": "斯里兰卡",
        "eName": "",
        "icon_url": ""
      },
      {
        "cName": "泰国",
        "eName": "",
        "icon_url": ""
      },
      {
        "cName": "文莱",
        "eName": "",
        "icon_url": ""
      },
      {
        "cName": "新加坡",
        "eName": "",
        "icon_url": ""
      },
      {
        "cName": "叙利亚",
        "eName": "",
        "icon_url": ""
      },
      {
        "cName": "伊拉克",
        "eName": "",
        "icon_url": ""
      },
      {
        "cName": "伊朗",
        "eName": "",
        "icon_url": ""
      },
      {
        "cName": "以色列",
        "eName": "",
        "icon_url": ""
      },
      {
        "cName": "印度",
        "eName": "",
        "icon_url": ""
      },
      {
        "cName": "印度尼西亚",
        "eName": "",
        "icon_url": ""
      },
      {
        "cName": "约旦",
        "eName": "",
        "icon_url": ""
      },
      {
        "cName": "越南",
        "eName": "",
        "icon_url": ""
      },
      {
        "cName": "阿根廷",
        "eName": "",
        "icon_url": ""
      },
      {
        "cName": "巴拉圭",
        "eName": "",
        "icon_url": ""
      },
      {
        "cName": "巴拿马",
        "eName": "",
        "icon_url": ""
      },
      {
        "cName": "巴西",
        "eName": "",
        "icon_url": ""
      },
      {
        "cName": "秘鲁",
        "eName": "",
        "icon_url": ""
      },
      {
        "cName": "玻利维亚",
        "eName": "",
        "icon_url": ""
      },
      {
        "cName": "伯里兹",
        "eName": "",
        "icon_url": ""
      },
      {
        "cName": "厄瓜多尔",
        "eName": "",
        "icon_url": ""
      },
      {
        "cName": "哥伦比亚",
        "eName": "",
        "icon_url": ""
      },
      {
        "cName": "哥斯达黎加",
        "eName": "",
        "icon_url": ""
      },
      {
        "cName": "古巴",
        "eName": "",
        "icon_url": ""
      },
      {
        "cName": "海地",
        "eName": "",
        "icon_url": ""
      },
      {
        "cName": "洪都拉斯",
        "eName": "",
        "icon_url": ""
      },
      {
        "cName": "加拿大",
        "eName": "",
        "icon_url": ""
      },
      {
        "cName": "墨西哥",
        "eName": "",
        "icon_url": ""
      },
      {
        "cName": "尼加拉瓜",
        "eName": "",
        "icon_url": ""
      },
      {
        "cName": "圣卢西亚",
        "eName": "",
        "icon_url": ""
      },
      {
        "cName": "委内瑞拉",
        "eName": "",
        "icon_url": ""
      },
      {
        "cName": "牙买加",
        "eName": "",
        "icon_url": ""
      },
      {
        "cName": "智利",
        "eName": "",
        "icon_url": ""
      },
      {
        "cName": "澳大利亚",
        "eName": "",
        "icon_url": ""
      },
      {
        "cName": "新几内亚",
        "eName": "",
        "icon_url": ""
      },
      {
        "cName": "斐济",
        "eName": "",
        "icon_url": ""
      },
      {
        "cName": "新西兰",
        "eName": "",
        "icon_url": ""
      },
      {
        "cName": "埃及",
        "eName": "",
        "icon_url": ""
      },
      {
        "cName": "阿尔及利亚",
        "eName": "",
        "icon_url": ""
      },
      {
        "cName": "埃塞俄比亚",
        "eName": "",
        "icon_url": ""
      },
      {
        "cName": "安哥拉",
        "eName": "",
        "icon_url": ""
      },
      {
        "cName": "贝宁",
        "eName": "",
        "icon_url": ""
      },
      {
        "cName": "博兹瓦纳",
        "eName": "",
        "icon_url": ""
      },
      {
        "cName": "布隆迪",
        "eName": "",
        "icon_url": ""
      },
      {
        "cName": "赤道几内亚",
        "eName": "",
        "icon_url": ""
      },
      {
        "cName": "刚果",
        "eName": "",
        "icon_url": ""
      },
      {
        "cName": "津巴布韦",
        "eName": "",
        "icon_url": ""
      },
      {
        "cName": "阿富汗",
        "eName": "",
        "icon_url": ""
      },
      {
        "cName": "马达加斯加",
        "eName": "",
        "icon_url": ""
      },
      {
        "cName": "毛里求斯",
        "eName": "",
        "icon_url": ""
      },
      {
        "cName": "摩洛哥",
        "eName": "",
        "icon_url": ""
      },
      {
        "cName": "尼日尔",
        "eName": "",
        "icon_url": ""
      },
      {
        "cName": "南非",
        "eName": "",
        "icon_url": ""
      },
      {
        "cName": "尼日利亚",
        "eName": "",
        "icon_url": ""
      },
      {
        "cName": "苏丹",
        "eName": "",
        "icon_url": ""
      },
      {
        "cName": "索马里",
        "eName": "",
        "icon_url": ""
      },
      {
        "cName": "坦桑尼亚",
        "eName": "",
        "icon_url": ""
      },
      {
        "cName": "突尼斯",
        "eName": "",
        "icon_url": ""
      },
      {
        "cName": "赞比亚",
        "eName": "",
        "icon_url": ""
      },
      {
        "cName": "乌干达",
        "eName": "",
        "icon_url": ""
      },
      {
        "cName": "中非",
        "eName": "",
        "icon_url": ""
      },
      {
        "cName": "奥地利",
        "eName": "",
        "icon_url": ""
      },
      {
        "cName": "保加利亚",
        "eName": "",
        "icon_url": ""
      },
      {
        "cName": "比利时",
        "eName": "",
        "icon_url": ""
      },
      {
        "cName": "冰岛",
        "eName": "",
        "icon_url": ""
      },
      {
        "cName": "丹麦",
        "eName": "",
        "icon_url": ""
      },
      {
        "cName": "梵蒂冈",
        "eName": "",
        "icon_url": ""
      },
      {
        "cName": "芬兰",
        "eName": "",
        "icon_url": ""
      },
      {
        "cName": "捷克",
        "eName": "",
        "icon_url": ""
      },
      {
        "cName": "卢森堡",
        "eName": "",
        "icon_url": ""
      },
      {
        "cName": "罗马尼亚",
        "eName": "",
        "icon_url": ""
      },
      {
        "cName": "南斯拉夫",
        "eName": "",
        "icon_url": ""
      },
      {
        "cName": "挪威",
        "eName": "",
        "icon_url": ""
      },
      {
        "cName": "葡萄牙",
        "eName": "",
        "icon_url": ""
      },
      {
        "cName": "瑞典",
        "eName": "",
        "icon_url": ""
      },
      {
        "cName": "希腊",
        "eName": "",
        "icon_url": ""
      },
      {
        "cName": "匈牙利",
        "eName": "",
        "icon_url": ""
      },
      {
        "cName": "波兰",
        "eName": "poland",
        "icon_url": ""
      }
    ],
    "total_count": 119
  }
}