{
  "code": 10000,
  "msg": "请求处理成功",
  "data": {
    "data": [
      {
        "id": 6,
        "storage_id": 123456,
        "storage_name": "大神大神大所多",
        "storage_short_name": "打算大大",
        "storage_type": 1,
        "address_country": "中国|cn",
        "address_province": "天津|12",
        "address_city": "市辖区|120100000000",
        "address_district": "河西区|120103000000",
        "address_street": "dsdsf",
        "supplier_name": "是打算大大奥多\"",
        "link_man": "盛大的",
        "mobile": "1234567890",
        "cost": 0,
        "status": 1,
        "delete_mark": 0,
        "gmt_created": "2017-06-13 14:58:03",
        "gmt_modified": "2017-06-13 15:24:15"
      },
      {
        "id": 5,
        "storage_id": 1234,
        "storage_name": "添加一个仓库被",
        "storage_short_name": "添加一个呗",
        "storage_type": 1,
        "address_country": "中国",
        "address_province": "内蒙古",
        "address_city": "包头市",
        "address_district": "东河区",
        "address_street": "阿斯顿发生发",
        "supplier_name": "123456",
        "link_man": "123456",
        "mobile": "123456",
        "cost": 0,
        "status": 1,
        "delete_mark": 0,
        "gmt_created": "2017-06-13 14:35:51",
        "gmt_modified": "2017-06-13 14:35:51"
      },
      {
        "id": 2,
        "storage_id": 22222,
        "storage_name": "这是一个很长很长的仓库名字22222",
        "storage_short_name": "短名字22",
        "storage_type": 1,
        "address_country": "china",
        "address_province": "zhejiang",
        "address_city": "杭州",
        "address_district": "西湖区",
        "address_street": "紫金花路98",
        "supplier_name": "提供商",
        "link_man": "联系人",
        "mobile": "17788779900",
        "cost": 0,
        "status": 1,
        "delete_mark": 0,
        "gmt_created": "2017-04-17 18:21:50",
        "gmt_modified": "2017-06-13 14:23:22"
      }
    ],
    "total_count": 3
  }
}