{
  "code": 10000,
  "msg": "请求处理成功",
  "data": {
    "module": [
      {
        "id": 321,
        "biz_code": "mockuai_demo",
        "user_id": 43978,
        "user_name": "张三",
        "seller_id": 0,
        "type": 1,
        "total_amount": 1520,
        "total_order": 11,
        "mobile": "12345678901",
        "total_experience": 10,
        "experience": 0,
        "level_name": "铁",
        "status": 0,
        "label_names": [
          "一级客户",
          "金一",
          "贷款500W"
        ],
        "gmt_level": "2016-07-07 13:57:45",
        "freeze_status": 0,
        "delete_mark": 0,
        "gmt_created": "2015-12-31 03:40:29",
        "gmt_modified": "2016-07-27 18:50:11"
      },
      {
        "id": 328,
        "biz_code": "mockuai_demo",
        "user_id": 44475,
        "user_name": "李四",
        "seller_id": 0,
        "type": 1,
        "total_amount": 120,
        "total_order": 3,
        "mobile": "12345678901",
        "total_experience": 248,
        "experience": 0,
        "level_name": "铁",
        "status": 1,
        "label_names": [
          "A",
          "贷款500W",
          "11"
        ],
        "gmt_level": "2016-07-07 13:57:45",
        "freeze_status": 0,
        "delete_mark": 0,
        "gmt_created": "2015-12-31 03:40:29",
        "gmt_modified": "2016-11-30 12:48:42"
      },
      {
        "id": 340,
        "biz_code": "mockuai_demo",
        "user_id": 43976,
        "user_name": "王五",
        "seller_id": 0,
        "type": 1,
        "total_amount": 102,
        "total_order": 2,
        "mobile": "12345678901",
        "total_experience": 0,
        "experience": 0,
        "level_name": "铁",
        "status": 1,
        "label_names": [
          "贷款500W"
        ],
        "gmt_level": "2016-07-07 13:57:45",
        "freeze_status": 0,
        "delete_mark": 0,
        "gmt_created": "2015-12-31 03:40:29",
        "gmt_modified": "2016-07-07 13:57:45"
      },
      {
        "id": 453,
        "biz_code": "mockuai_demo",
        "user_id": 43983,
        "user_name": "赵六",
        "seller_id": 0,
        "type": 1,
        "total_amount": 2,
        "total_order": 1,
        "mobile": "12345678901",
        "total_experience": 0,
        "experience": 0,
        "level_name": "铁",
        "status": 1,
        "label_names": [
          "11"
        ],
        "gmt_level": "2016-07-07 13:57:45",
        "freeze_status": 0,
        "delete_mark": 0,
        "gmt_created": "2015-12-31 03:40:30",
        "gmt_modified": "2016-07-07 13:57:45"
      },
      {
        "id": 551,
        "biz_code": "mockuai_demo",
        "user_id": 43982,
        "user_name": "小米",
        "seller_id": 0,
        "type": 1,
        "total_amount": 211,
        "total_order": 2,
        "mobile": "12345678901",
        "total_experience": 10,
        "experience": 0,
        "level_name": "铁",
        "status": 1,
        "label_names": [],
        "gmt_level": "2016-07-07 13:57:45",
        "freeze_status": 0,
        "delete_mark": 0,
        "gmt_created": "2015-12-31 03:40:30",
        "gmt_modified": "2016-07-07 13:57:45"
      },
      {
        "id": 602,
        "biz_code": "mockuai_demo",
        "user_id": 44019,
        "user_name": "小明",
        "seller_id": 0,
        "type": 1,
        "total_amount": 1,
        "total_order": 1,
        "mobile": "12345678901",
        "total_experience": 0,
        "experience": 0,
        "level_name": "铁",
        "status": 1,
        "label_names": [],
        "gmt_level": "2016-07-07 13:57:45",
        "freeze_status": 0,
        "delete_mark": 0,
        "gmt_created": "2015-12-31 03:40:31",
        "gmt_modified": "2016-07-07 13:57:45"
      },
      {
        "id": 729,
        "biz_code": "mockuai_demo",
        "user_id": 50195,
        "user_name": "小红",
        "seller_id": 0,
        "type": 1,
        "total_amount": 10,
        "total_order": 1,
        "mobile": "12345678901",
        "total_experience": 0,
        "experience": 0,
        "level_name": "铁",
        "status": 1,
        "label_names": [],
        "gmt_level": "2016-07-07 13:57:45",
        "freeze_status": 0,
        "delete_mark": 0,
        "gmt_created": "2015-12-31 03:40:32",
        "gmt_modified": "2016-07-07 13:57:45"
      },
      {
        "id": 2451,
        "biz_code": "mockuai_demo",
        "user_id": 54657,
        "user_name": "傻更二",
        "seller_id": 0,
        "type": 1,
        "total_amount": 0,
        "total_order": 0,
        "mobile": "12345678901",
        "total_experience": 0,
        "experience": 0,
        "level_name": "铁",
        "status": 0,
        "label_names": [],
        "gmt_level": "2016-07-07 13:57:45",
        "freeze_status": 0,
        "delete_mark": 0,
        "gmt_created": "2015-12-31 03:46:33",
        "gmt_modified": "2016-07-07 13:57:45"
      },
      {
        "id": 2757,
        "biz_code": "mockuai_demo",
        "user_id": 55196,
        "user_name": "阿鹏",
        "seller_id": 0,
        "type": 1,
        "total_amount": 0,
        "total_order": 0,
        "mobile": "12345678901",
        "total_experience": 0,
        "experience": 0,
        "level_name": "铁",
        "status": 1,
        "label_names": [],
        "gmt_level": "2016-07-07 13:57:45",
        "freeze_status": 0,
        "delete_mark": 0,
        "gmt_created": "2016-01-05 14:18:41",
        "gmt_modified": "2016-07-07 13:57:45"
      },
      {
        "id": 19799,
        "biz_code": "mockuai_demo",
        "user_id": 74952,
        "user_name": "阿华",
        "seller_id": 0,
        "type": 1,
        "total_amount": 0,
        "total_order": 0,
        "mobile": "12345678901",
        "total_experience": 0,
        "experience": 0,
        "level_name": "铁",
        "status": 1,
        "label_names": [],
        "gmt_level": "2016-07-07 13:57:45",
        "freeze_status": 0,
        "delete_mark": 0,
        "gmt_created": "2016-01-20 19:06:15",
        "gmt_modified": "2016-07-07 13:57:45"
      },
      {
        "id": 20109,
        "biz_code": "mockuai_demo",
        "user_id": 75338,
        "user_name": "阿青",
        "seller_id": 0,
        "type": 1,
        "total_amount": 0,
        "total_order": 0,
        "mobile": "12345678901",
        "total_experience": 0,
        "experience": 0,
        "level_name": "铁",
        "status": 1,
        "label_names": [],
        "gmt_level": "2016-07-07 13:57:45",
        "freeze_status": 0,
        "delete_mark": 0,
        "gmt_created": "2016-01-21 11:50:29",
        "gmt_modified": "2016-07-07 13:57:45"
      },
      {
        "id": 26874,
        "biz_code": "mockuai_demo",
        "user_id": 85695,
        "user_name": "奈文魔尔",
        "seller_id": 0,
        "type": 1,
        "total_amount": 0,
        "total_order": 0,
        "mobile": "12345678901",
        "total_experience": 0,
        "experience": 0,
        "level_name": "铁",
        "status": 1,
        "label_names": [],
        "gmt_level": "2016-07-07 13:57:45",
        "freeze_status": 0,
        "delete_mark": 0,
        "gmt_created": "2016-02-20 15:07:55",
        "gmt_modified": "2016-07-07 13:57:45"
      },
      {
        "id": 27283,
        "biz_code": "mockuai_demo",
        "user_id": 86165,
        "user_name": "敌法师",
        "seller_id": 0,
        "type": 1,
        "total_amount": 1500,
        "total_order": 1,
        "mobile": "12345678901",
        "total_experience": 1000,
        "experience": 0,
        "level_name": "铁",
        "status": 0,
        "label_names": [],
        "gmt_level": "2016-07-07 13:57:45",
        "freeze_status": 0,
        "delete_mark": 0,
        "gmt_created": "2016-02-22 14:25:43",
        "gmt_modified": "2016-07-07 13:57:45"
      },
      {
        "id": 33768,
        "biz_code": "mockuai_demo",
        "user_id": 93270,
        "user_name": "神灵武士",
        "seller_id": 0,
        "type": 1,
        "total_amount": 0,
        "total_order": 0,
        "mobile": "12345678901",
        "total_experience": 0,
        "experience": 0,
        "level_name": "铁",
        "status": 1,
        "label_names": [],
        "gmt_level": "2016-07-07 13:57:45",
        "freeze_status": 0,
        "delete_mark": 0,
        "gmt_created": "2016-03-11 16:03:35",
        "gmt_modified": "2016-07-07 13:57:45"
      },
      {
        "id": 636089,
        "biz_code": "mockuai_demo",
        "user_id": 1628076,
        "user_name": "矮人火枪手",
        "seller_id": 0,
        "type": 1,
        "total_amount": 0,
        "total_order": 0,
        "mobile": "12345678901",
        "total_experience": 0,
        "experience": 0,
        "level_name": "铁",
        "status": 1,
        "label_names": [],
        "gmt_level": "2016-07-07 13:57:45",
        "freeze_status": 0,
        "delete_mark": 0,
        "gmt_created": "2016-04-13 17:22:44",
        "gmt_modified": "2016-07-07 13:57:45"
      },
      {
        "id": 636606,
        "biz_code": "mockuai_demo",
        "user_id": 1628577,
        "user_name": "痛苦女王",
        "seller_id": 0,
        "type": 1,
        "total_amount": 0,
        "total_order": 0,
        "mobile": "12345678901",
        "total_experience": 0,
        "experience": 0,
        "level_name": "铁",
        "status": 1,
        "label_names": [],
        "gmt_level": "2016-07-07 13:57:45",
        "freeze_status": 0,
        "delete_mark": 0,
        "gmt_created": "2016-04-14 11:04:02",
        "gmt_modified": "2016-07-07 13:57:45"
      },
      {
        "id": 644903,
        "biz_code": "mockuai_demo",
        "user_id": 1636466,
        "user_name": "祈求者",
        "seller_id": 0,
        "type": 1,
        "total_amount": 0,
        "total_order": 2,
        "mobile": "12345678901",
        "total_experience": 0,
        "experience": 0,
        "level_name": "铁",
        "status": 1,
        "label_names": [
          "一级客户"
        ],
        "gmt_level": "2016-07-07 13:57:45",
        "freeze_status": 0,
        "delete_mark": 0,
        "gmt_created": "2016-04-19 15:48:23",
        "gmt_modified": "2016-07-07 13:57:45"
      },
      {
        "id": 647389,
        "biz_code": "mockuai_demo",
        "user_id": 1638845,
        "user_name": "嗜血狂魔",
        "seller_id": 0,
        "type": 1,
        "total_amount": 0,
        "total_order": 0,
        "mobile": "12345678901",
        "total_experience": 0,
        "experience": 0,
        "level_name": "铁",
        "status": 1,
        "label_names": [],
        "gmt_level": "2016-07-07 13:57:45",
        "freeze_status": 0,
        "delete_mark": 0,
        "gmt_created": "2016-04-21 17:45:49",
        "gmt_modified": "2016-07-07 13:57:45"
      },
      {
        "id": 648037,
        "biz_code": "mockuai_demo",
        "user_id": 1639472,
        "user_name": "幻影刺客",
        "seller_id": 0,
        "type": 1,
        "total_amount": 0,
        "total_order": 0,
        "mobile": "12345678901",
        "total_experience": 0,
        "experience": 0,
        "level_name": "铁",
        "status": 1,
        "label_names": [],
        "gmt_level": "2016-07-07 13:57:45",
        "freeze_status": 0,
        "delete_mark": 0,
        "gmt_created": "2016-04-22 11:41:42",
        "gmt_modified": "2016-07-07 13:57:45"
      },
      {
        "id": 734933,
        "biz_code": "mockuai_demo",
        "user_id": 46002,
        "user_name": "白牛",
        "seller_id": 0,
        "type": 1,
        "total_amount": 0,
        "total_order": 0,
        "mobile": "15603770927",
        "total_experience": 0,
        "experience": 0,
        "level_name": "铁",
        "status": 1,
        "label_names": [],
        "gmt_level": "2016-07-07 13:57:45",
        "freeze_status": 0,
        "delete_mark": 0,
        "gmt_created": "2016-05-03 11:06:10",
        "gmt_modified": "2016-07-07 13:57:45"
      }
    ],
    "total_count": 630
  }
}