{
  "code": 10000,
  "msg": "请求处理成功",
  "data": {
    "data": [
      {
        "id": 509,
        "biz_code": "mockuai_demo",
        "activity_id": 92749,
        "activity_creator_id": 38699,
        "name": "111",
        "coupon_type": 1,
        "total_count": 1,
        "granted_count": 0,
        "activate_count": 0,
        "used_count": 0,
        "user_count": 0,
        "status": 1,
        "user_receive_limit": 0,
        "market_activity": {
          "id": 92749,
          "biz_code": "mockuai_demo",
          "scope": 3,
          "level": 1,
          "activity_code": "SYS_MARKET_TOOL_000001",
          "activity_name": "111",
          "activity_content": "",
          "start_time": "1970-01-01 08:00:00",
          "end_time": "9999-11-30 00:00:00",
          "coupon_mark": 1,
          "coupon_type": 1,
          "exclusive_mark": 1,
          "tool_id": 27,
          "tool_type": 1,
          "tool_code": "SYS_MARKET_TOOL_000001",
          "creator_type": 1,
          "creator_id": 38699,
          "status": 1,
          "lifecycle": 2,
          "property_list": [
            {
              "id": 185962,
              "owner_type": 2,
              "owner_id": 92749,
              "name": "消费金额",
              "pkey": "consume",
              "value": "0",
              "value_type": 1,
              "creator_type": 1,
              "creator_id": 38699,
              "biz_code": "mockuai_demo"
            },
            {
              "id": 185963,
              "owner_type": 2,
              "owner_id": 92749,
              "name": "优惠金额",
              "pkey": "quota",
              "value": "100",
              "value_type": 1,
              "creator_type": 1,
              "creator_id": 38699,
              "biz_code": "mockuai_demo"
            }
          ],
          "parent_id": 0
        },
        "delete_mark": 0,
        "consume": 0,
        "discount_amount": 100,
        "start_time": "1970-01-01 08:00:00",
        "end_time": "9999-11-30 00:00:00",
        "valid_duration": 1,
        "gmt_created": "2016-12-07 14:20:16"
      },
      {
        "id": 508,
        "biz_code": "mockuai_demo",
        "activity_id": 92748,
        "activity_creator_id": 38699,
        "name": "a",
        "coupon_type": 1,
        "total_count": 1,
        "granted_count": 0,
        "activate_count": 0,
        "used_count": 0,
        "user_count": 0,
        "status": 1,
        "user_receive_limit": 0,
        "market_activity": {
          "id": 92748,
          "biz_code": "mockuai_demo",
          "scope": 3,
          "level": 1,
          "activity_code": "SYS_MARKET_TOOL_000001",
          "activity_name": "a",
          "activity_content": "",
          "start_time": "1970-01-01 08:00:00",
          "end_time": "9999-11-30 00:00:00",
          "coupon_mark": 1,
          "coupon_type": 1,
          "exclusive_mark": 1,
          "tool_id": 27,
          "tool_type": 1,
          "tool_code": "SYS_MARKET_TOOL_000001",
          "creator_type": 1,
          "creator_id": 38699,
          "status": 1,
          "lifecycle": 2,
          "property_list": [
            {
              "id": 185960,
              "owner_type": 2,
              "owner_id": 92748,
              "name": "消费金额",
              "pkey": "consume",
              "value": "0",
              "value_type": 1,
              "creator_type": 1,
              "creator_id": 38699,
              "biz_code": "mockuai_demo"
            },
            {
              "id": 185961,
              "owner_type": 2,
              "owner_id": 92748,
              "name": "优惠金额",
              "pkey": "quota",
              "value": "100",
              "value_type": 1,
              "creator_type": 1,
              "creator_id": 38699,
              "biz_code": "mockuai_demo"
            }
          ],
          "parent_id": 0
        },
        "delete_mark": 0,
        "consume": 0,
        "discount_amount": 100,
        "start_time": "1970-01-01 08:00:00",
        "end_time": "9999-11-30 00:00:00",
        "valid_duration": 1,
        "gmt_created": "2016-12-07 14:13:09"
      },
      {
        "id": 507,
        "biz_code": "mockuai_demo",
        "activity_id": 92747,
        "activity_creator_id": 38699,
        "name": "test",
        "coupon_type": 1,
        "total_count": 1111,
        "granted_count": 0,
        "activate_count": 0,
        "used_count": 0,
        "user_count": 0,
        "status": 1,
        "user_receive_limit": 0,
        "market_activity": {
          "id": 92747,
          "biz_code": "mockuai_demo",
          "scope": 3,
          "level": 1,
          "activity_code": "SYS_MARKET_TOOL_000001",
          "activity_name": "test",
          "activity_content": "",
          "start_time": "1970-01-01 08:00:00",
          "end_time": "9999-11-30 00:00:00",
          "coupon_mark": 1,
          "coupon_type": 1,
          "exclusive_mark": 1,
          "tool_id": 27,
          "tool_type": 1,
          "tool_code": "SYS_MARKET_TOOL_000001",
          "creator_type": 1,
          "creator_id": 38699,
          "status": 1,
          "lifecycle": 2,
          "property_list": [
            {
              "id": 185958,
              "owner_type": 2,
              "owner_id": 92747,
              "name": "消费金额",
              "pkey": "consume",
              "value": "0",
              "value_type": 1,
              "creator_type": 1,
              "creator_id": 38699,
              "biz_code": "mockuai_demo"
            },
            {
              "id": 185959,
              "owner_type": 2,
              "owner_id": 92747,
              "name": "优惠金额",
              "pkey": "quota",
              "value": "100",
              "value_type": 1,
              "creator_type": 1,
              "creator_id": 38699,
              "biz_code": "mockuai_demo"
            }
          ],
          "parent_id": 0
        },
        "delete_mark": 0,
        "consume": 0,
        "discount_amount": 100,
        "start_time": "1970-01-01 08:00:00",
        "end_time": "9999-11-30 00:00:00",
        "valid_duration": 1,
        "gmt_created": "2016-12-07 13:51:38"
      },
      {
        "id": 493,
        "biz_code": "mockuai_demo",
        "activity_id": 1136,
        "activity_creator_id": 38699,
        "name": "123",
        "coupon_type": 1,
        "total_count": 1231,
        "granted_count": 2,
        "activate_count": 0,
        "used_count": 0,
        "user_count": 1,
        "status": 2,
        "user_receive_limit": 0,
        "market_activity": {
          "id": 1136,
          "biz_code": "mockuai_demo",
          "scope": 3,
          "level": 1,
          "activity_code": "SYS_MARKET_TOOL_000001",
          "activity_name": "123",
          "activity_content": "",
          "start_time": "1970-01-01 08:00:00",
          "end_time": "9999-11-30 00:00:00",
          "coupon_mark": 1,
          "coupon_type": 1,
          "exclusive_mark": 1,
          "tool_id": 27,
          "tool_type": 1,
          "tool_code": "SYS_MARKET_TOOL_000001",
          "creator_type": 1,
          "creator_id": 38699,
          "status": 2,
          "lifecycle": 3,
          "property_list": [
            {
              "id": 2724,
              "owner_type": 2,
              "owner_id": 1136,
              "name": "消费金额",
              "pkey": "consume",
              "value": "0",
              "value_type": 1,
              "creator_type": 1,
              "creator_id": 38699,
              "biz_code": "mockuai_demo"
            },
            {
              "id": 2725,
              "owner_type": 2,
              "owner_id": 1136,
              "name": "优惠金额",
              "pkey": "quota",
              "value": "2300",
              "value_type": 1,
              "creator_type": 1,
              "creator_id": 38699,
              "biz_code": "mockuai_demo"
            }
          ],
          "parent_id": 0
        },
        "delete_mark": 0,
        "consume": 0,
        "discount_amount": 2300,
        "start_time": "1970-01-01 08:00:00",
        "end_time": "9999-11-30 00:00:00",
        "valid_duration": 123,
        "gmt_created": "2016-08-12 10:34:52"
      },
      {
        "id": 490,
        "biz_code": "mockuai_demo",
        "activity_id": 1124,
        "activity_creator_id": 38699,
        "name": "2",
        "coupon_type": 1,
        "total_count": 2,
        "granted_count": 0,
        "activate_count": 0,
        "used_count": 0,
        "user_count": 0,
        "status": 1,
        "user_receive_limit": 0,
        "market_activity": {
          "id": 1124,
          "biz_code": "mockuai_demo",
          "scope": 3,
          "level": 1,
          "activity_code": "SYS_MARKET_TOOL_000001",
          "activity_name": "2",
          "activity_content": "1",
          "start_time": "2016-08-10 17:49:10",
          "end_time": "2016-08-10 17:50:10",
          "coupon_mark": 1,
          "coupon_type": 1,
          "exclusive_mark": 1,
          "tool_id": 27,
          "tool_type": 1,
          "tool_code": "SYS_MARKET_TOOL_000001",
          "creator_type": 1,
          "creator_id": 38699,
          "status": 1,
          "lifecycle": 3,
          "property_list": [
            {
              "id": 2689,
              "owner_type": 2,
              "owner_id": 1124,
              "name": "消费金额",
              "pkey": "consume",
              "value": "0",
              "value_type": 1,
              "creator_type": 1,
              "creator_id": 38699,
              "biz_code": "mockuai_demo"
            },
            {
              "id": 2690,
              "owner_type": 2,
              "owner_id": 1124,
              "name": "优惠金额",
              "pkey": "quota",
              "value": "200",
              "value_type": 1,
              "creator_type": 1,
              "creator_id": 38699,
              "biz_code": "mockuai_demo"
            }
          ],
          "parent_id": 0
        },
        "delete_mark": 0,
        "consume": 0,
        "discount_amount": 200,
        "start_time": "2016-08-10 17:49:10",
        "end_time": "2016-08-10 17:50:10",
        "gmt_created": "2016-08-10 17:31:29"
      },
      {
        "id": 489,
        "biz_code": "mockuai_demo",
        "activity_id": 1123,
        "activity_creator_id": 38699,
        "name": "11",
        "coupon_type": 1,
        "total_count": 1,
        "granted_count": 0,
        "activate_count": 0,
        "used_count": 0,
        "user_count": 0,
        "status": 1,
        "user_receive_limit": 0,
        "market_activity": {
          "id": 1123,
          "biz_code": "mockuai_demo",
          "scope": 3,
          "level": 1,
          "activity_code": "SYS_MARKET_TOOL_000001",
          "activity_name": "11",
          "activity_content": "",
          "start_time": "2016-08-10 17:48:56",
          "end_time": "2016-08-31 17:49:56",
          "coupon_mark": 1,
          "coupon_type": 1,
          "exclusive_mark": 1,
          "tool_id": 27,
          "tool_type": 1,
          "tool_code": "SYS_MARKET_TOOL_000001",
          "creator_type": 1,
          "creator_id": 38699,
          "status": 1,
          "lifecycle": 3,
          "property_list": [
            {
              "id": 2687,
              "owner_type": 2,
              "owner_id": 1123,
              "name": "消费金额",
              "pkey": "consume",
              "value": "0",
              "value_type": 1,
              "creator_type": 1,
              "creator_id": 38699,
              "biz_code": "mockuai_demo"
            },
            {
              "id": 2688,
              "owner_type": 2,
              "owner_id": 1123,
              "name": "优惠金额",
              "pkey": "quota",
              "value": "1100",
              "value_type": 1,
              "creator_type": 1,
              "creator_id": 38699,
              "biz_code": "mockuai_demo"
            }
          ],
          "parent_id": 0
        },
        "delete_mark": 0,
        "consume": 0,
        "discount_amount": 1100,
        "start_time": "2016-08-10 17:48:56",
        "end_time": "2016-08-31 17:49:56",
        "gmt_created": "2016-08-10 17:31:05"
      },
      {
        "id": 488,
        "biz_code": "mockuai_demo",
        "activity_id": 1122,
        "activity_creator_id": 38699,
        "name": "123",
        "coupon_type": 1,
        "total_count": 123,
        "granted_count": 0,
        "activate_count": 0,
        "used_count": 0,
        "user_count": 0,
        "status": 2,
        "user_receive_limit": 0,
        "market_activity": {
          "id": 1122,
          "biz_code": "mockuai_demo",
          "scope": 3,
          "level": 1,
          "activity_code": "SYS_MARKET_TOOL_000001",
          "activity_name": "123",
          "activity_content": "",
          "start_time": "1970-01-01 08:00:00",
          "end_time": "9999-11-30 00:00:00",
          "coupon_mark": 1,
          "coupon_type": 1,
          "exclusive_mark": 1,
          "tool_id": 27,
          "tool_type": 1,
          "tool_code": "SYS_MARKET_TOOL_000001",
          "creator_type": 1,
          "creator_id": 38699,
          "status": 2,
          "lifecycle": 3,
          "property_list": [
            {
              "id": 2685,
              "owner_type": 2,
              "owner_id": 1122,
              "name": "消费金额",
              "pkey": "consume",
              "value": "0",
              "value_type": 1,
              "creator_type": 1,
              "creator_id": 38699,
              "biz_code": "mockuai_demo"
            },
            {
              "id": 2686,
              "owner_type": 2,
              "owner_id": 1122,
              "name": "优惠金额",
              "pkey": "quota",
              "value": "12300",
              "value_type": 1,
              "creator_type": 1,
              "creator_id": 38699,
              "biz_code": "mockuai_demo"
            }
          ],
          "parent_id": 0
        },
        "delete_mark": 0,
        "consume": 0,
        "discount_amount": 12300,
        "start_time": "1970-01-01 08:00:00",
        "end_time": "9999-11-30 00:00:00",
        "valid_duration": 123,
        "gmt_created": "2016-08-10 17:27:16"
      },
      {
        "id": 487,
        "biz_code": "mockuai_demo",
        "activity_id": 1113,
        "activity_creator_id": 38699,
        "name": "1元优惠券",
        "coupon_type": 1,
        "total_count": 10,
        "granted_count": 4,
        "activate_count": 0,
        "used_count": 4,
        "user_count": 2,
        "status": 1,
        "user_receive_limit": 2,
        "market_activity": {
          "id": 1113,
          "biz_code": "mockuai_demo",
          "scope": 3,
          "level": 1,
          "activity_code": "SYS_MARKET_TOOL_000001",
          "activity_name": "1元优惠券",
          "activity_content": "",
          "start_time": "1970-01-01 08:00:00",
          "end_time": "9999-11-30 00:00:00",
          "coupon_mark": 1,
          "coupon_type": 1,
          "exclusive_mark": 1,
          "tool_id": 27,
          "tool_type": 1,
          "tool_code": "SYS_MARKET_TOOL_000001",
          "creator_type": 1,
          "creator_id": 38699,
          "status": 1,
          "lifecycle": 2,
          "property_list": [
            {
              "id": 2653,
              "owner_type": 2,
              "owner_id": 1113,
              "name": "消费金额",
              "pkey": "consume",
              "value": "0",
              "value_type": 1,
              "creator_type": 1,
              "creator_id": 38699,
              "biz_code": "mockuai_demo"
            },
            {
              "id": 2654,
              "owner_type": 2,
              "owner_id": 1113,
              "name": "优惠金额",
              "pkey": "quota",
              "value": "100",
              "value_type": 1,
              "creator_type": 1,
              "creator_id": 38699,
              "biz_code": "mockuai_demo"
            }
          ],
          "parent_id": 0
        },
        "delete_mark": 0,
        "consume": 0,
        "discount_amount": 100,
        "start_time": "1970-01-01 08:00:00",
        "end_time": "9999-11-30 00:00:00",
        "valid_duration": 3,
        "gmt_created": "2016-08-10 14:36:30"
      },
      {
        "id": 486,
        "biz_code": "mockuai_demo",
        "activity_id": 1112,
        "activity_creator_id": 38699,
        "name": "5元优惠券",
        "coupon_type": 1,
        "total_count": 10,
        "granted_count": 6,
        "activate_count": 0,
        "used_count": 6,
        "user_count": 2,
        "status": 1,
        "user_receive_limit": 0,
        "market_activity": {
          "id": 1112,
          "biz_code": "mockuai_demo",
          "scope": 3,
          "level": 1,
          "activity_code": "SYS_MARKET_TOOL_000001",
          "activity_name": "5元优惠券",
          "activity_content": "",
          "start_time": "2016-08-10 14:53:57",
          "end_time": "2016-08-14 21:00:00",
          "coupon_mark": 1,
          "coupon_type": 1,
          "exclusive_mark": 1,
          "tool_id": 27,
          "tool_type": 1,
          "tool_code": "SYS_MARKET_TOOL_000001",
          "creator_type": 1,
          "creator_id": 38699,
          "status": 1,
          "lifecycle": 3,
          "property_list": [
            {
              "id": 2651,
              "owner_type": 2,
              "owner_id": 1112,
              "name": "消费金额",
              "pkey": "consume",
              "value": "0",
              "value_type": 1,
              "creator_type": 1,
              "creator_id": 38699,
              "biz_code": "mockuai_demo"
            },
            {
              "id": 2652,
              "owner_type": 2,
              "owner_id": 1112,
              "name": "优惠金额",
              "pkey": "quota",
              "value": "500",
              "value_type": 1,
              "creator_type": 1,
              "creator_id": 38699,
              "biz_code": "mockuai_demo"
            }
          ],
          "parent_id": 0
        },
        "delete_mark": 0,
        "consume": 0,
        "discount_amount": 500,
        "start_time": "2016-08-10 14:53:57",
        "end_time": "2016-08-14 21:00:00",
        "gmt_created": "2016-08-10 14:36:06"
      },
      {
        "id": 484,
        "biz_code": "mockuai_demo",
        "activity_id": 1106,
        "activity_creator_id": 38699,
        "name": "123",
        "coupon_type": 1,
        "total_count": 1231,
        "granted_count": 0,
        "activate_count": 0,
        "used_count": 0,
        "user_count": 0,
        "status": 1,
        "user_receive_limit": 0,
        "market_activity": {
          "id": 1106,
          "biz_code": "mockuai_demo",
          "scope": 3,
          "level": 1,
          "activity_code": "SYS_MARKET_TOOL_000001",
          "activity_name": "123",
          "activity_content": "",
          "start_time": "1970-01-01 08:00:00",
          "end_time": "9999-11-30 00:00:00",
          "coupon_mark": 1,
          "coupon_type": 1,
          "exclusive_mark": 1,
          "tool_id": 27,
          "tool_type": 1,
          "tool_code": "SYS_MARKET_TOOL_000001",
          "creator_type": 1,
          "creator_id": 38699,
          "status": 1,
          "lifecycle": 2,
          "property_list": [
            {
              "id": 2633,
              "owner_type": 2,
              "owner_id": 1106,
              "name": "消费金额",
              "pkey": "consume",
              "value": "0",
              "value_type": 1,
              "creator_type": 1,
              "creator_id": 38699,
              "biz_code": "mockuai_demo"
            },
            {
              "id": 2634,
              "owner_type": 2,
              "owner_id": 1106,
              "name": "优惠金额",
              "pkey": "quota",
              "value": "2300",
              "value_type": 1,
              "creator_type": 1,
              "creator_id": 38699,
              "biz_code": "mockuai_demo"
            }
          ],
          "parent_id": 0
        },
        "delete_mark": 0,
        "consume": 0,
        "discount_amount": 2300,
        "start_time": "1970-01-01 08:00:00",
        "end_time": "9999-11-30 00:00:00",
        "valid_duration": 123,
        "gmt_created": "2016-08-09 16:18:22"
      },
      {
        "id": 483,
        "biz_code": "mockuai_demo",
        "activity_id": 1105,
        "activity_creator_id": 38699,
        "name": "123",
        "coupon_type": 1,
        "total_count": 123,
        "granted_count": 0,
        "activate_count": 0,
        "used_count": 0,
        "user_count": 0,
        "status": 2,
        "user_receive_limit": 0,
        "market_activity": {
          "id": 1105,
          "biz_code": "mockuai_demo",
          "scope": 3,
          "level": 1,
          "activity_code": "SYS_MARKET_TOOL_000001",
          "activity_name": "123",
          "activity_content": "",
          "start_time": "1970-01-01 08:00:00",
          "end_time": "9999-11-30 00:00:00",
          "coupon_mark": 1,
          "coupon_type": 1,
          "exclusive_mark": 1,
          "tool_id": 27,
          "tool_type": 1,
          "tool_code": "SYS_MARKET_TOOL_000001",
          "creator_type": 1,
          "creator_id": 38699,
          "status": 2,
          "lifecycle": 3,
          "property_list": [
            {
              "id": 2631,
              "owner_type": 2,
              "owner_id": 1105,
              "name": "消费金额",
              "pkey": "consume",
              "value": "0",
              "value_type": 1,
              "creator_type": 1,
              "creator_id": 38699,
              "biz_code": "mockuai_demo"
            },
            {
              "id": 2632,
              "owner_type": 2,
              "owner_id": 1105,
              "name": "优惠金额",
              "pkey": "quota",
              "value": "12300",
              "value_type": 1,
              "creator_type": 1,
              "creator_id": 38699,
              "biz_code": "mockuai_demo"
            }
          ],
          "parent_id": 0
        },
        "delete_mark": 0,
        "consume": 0,
        "discount_amount": 12300,
        "start_time": "1970-01-01 08:00:00",
        "end_time": "9999-11-30 00:00:00",
        "valid_duration": 123,
        "gmt_created": "2016-08-09 16:17:13"
      },
      {
        "id": 482,
        "biz_code": "mockuai_demo",
        "activity_id": 1104,
        "activity_creator_id": 38699,
        "name": "111",
        "coupon_type": 1,
        "total_count": 123,
        "granted_count": 0,
        "activate_count": 0,
        "used_count": 0,
        "user_count": 0,
        "status": 1,
        "user_receive_limit": 0,
        "market_activity": {
          "id": 1104,
          "biz_code": "mockuai_demo",
          "scope": 3,
          "level": 1,
          "activity_code": "SYS_MARKET_TOOL_000001",
          "activity_name": "111",
          "activity_content": "",
          "start_time": "1970-01-01 08:00:00",
          "end_time": "9999-11-30 00:00:00",
          "coupon_mark": 1,
          "coupon_type": 1,
          "exclusive_mark": 1,
          "tool_id": 27,
          "tool_type": 1,
          "tool_code": "SYS_MARKET_TOOL_000001",
          "creator_type": 1,
          "creator_id": 38699,
          "status": 1,
          "lifecycle": 2,
          "property_list": [
            {
              "id": 2629,
              "owner_type": 2,
              "owner_id": 1104,
              "name": "消费金额",
              "pkey": "consume",
              "value": "0",
              "value_type": 1,
              "creator_type": 1,
              "creator_id": 38699,
              "biz_code": "mockuai_demo"
            },
            {
              "id": 2630,
              "owner_type": 2,
              "owner_id": 1104,
              "name": "优惠金额",
              "pkey": "quota",
              "value": "12300",
              "value_type": 1,
              "creator_type": 1,
              "creator_id": 38699,
              "biz_code": "mockuai_demo"
            }
          ],
          "parent_id": 0
        },
        "delete_mark": 0,
        "consume": 0,
        "discount_amount": 12300,
        "start_time": "1970-01-01 08:00:00",
        "end_time": "9999-11-30 00:00:00",
        "valid_duration": 123,
        "gmt_created": "2016-08-09 15:21:14"
      },
      {
        "id": 481,
        "biz_code": "mockuai_demo",
        "activity_id": 1103,
        "activity_creator_id": 38699,
        "name": "111",
        "coupon_type": 1,
        "total_count": 123,
        "granted_count": 0,
        "activate_count": 0,
        "used_count": 0,
        "user_count": 0,
        "status": 1,
        "user_receive_limit": 0,
        "market_activity": {
          "id": 1103,
          "biz_code": "mockuai_demo",
          "scope": 3,
          "level": 1,
          "activity_code": "SYS_MARKET_TOOL_000001",
          "activity_name": "111",
          "activity_content": "",
          "start_time": "1970-01-01 08:00:00",
          "end_time": "9999-11-30 00:00:00",
          "coupon_mark": 1,
          "coupon_type": 1,
          "exclusive_mark": 1,
          "tool_id": 27,
          "tool_type": 1,
          "tool_code": "SYS_MARKET_TOOL_000001",
          "creator_type": 1,
          "creator_id": 38699,
          "status": 1,
          "lifecycle": 2,
          "property_list": [
            {
              "id": 2627,
              "owner_type": 2,
              "owner_id": 1103,
              "name": "消费金额",
              "pkey": "consume",
              "value": "0",
              "value_type": 1,
              "creator_type": 1,
              "creator_id": 38699,
              "biz_code": "mockuai_demo"
            },
            {
              "id": 2628,
              "owner_type": 2,
              "owner_id": 1103,
              "name": "优惠金额",
              "pkey": "quota",
              "value": "12300",
              "value_type": 1,
              "creator_type": 1,
              "creator_id": 38699,
              "biz_code": "mockuai_demo"
            }
          ],
          "parent_id": 0
        },
        "delete_mark": 0,
        "consume": 0,
        "discount_amount": 12300,
        "start_time": "1970-01-01 08:00:00",
        "end_time": "9999-11-30 00:00:00",
        "valid_duration": 123,
        "gmt_created": "2016-08-09 15:20:10"
      },
      {
        "id": 480,
        "biz_code": "mockuai_demo",
        "activity_id": 1102,
        "activity_creator_id": 38699,
        "name": "111",
        "coupon_type": 1,
        "total_count": 123,
        "granted_count": 0,
        "activate_count": 0,
        "used_count": 0,
        "user_count": 0,
        "status": 1,
        "user_receive_limit": 0,
        "market_activity": {
          "id": 1102,
          "biz_code": "mockuai_demo",
          "scope": 3,
          "level": 1,
          "activity_code": "SYS_MARKET_TOOL_000001",
          "activity_name": "111",
          "activity_content": "",
          "start_time": "1970-01-01 08:00:00",
          "end_time": "9999-11-30 00:00:00",
          "coupon_mark": 1,
          "coupon_type": 1,
          "exclusive_mark": 1,
          "tool_id": 27,
          "tool_type": 1,
          "tool_code": "SYS_MARKET_TOOL_000001",
          "creator_type": 1,
          "creator_id": 38699,
          "status": 1,
          "lifecycle": 2,
          "property_list": [
            {
              "id": 2625,
              "owner_type": 2,
              "owner_id": 1102,
              "name": "消费金额",
              "pkey": "consume",
              "value": "0",
              "value_type": 1,
              "creator_type": 1,
              "creator_id": 38699,
              "biz_code": "mockuai_demo"
            },
            {
              "id": 2626,
              "owner_type": 2,
              "owner_id": 1102,
              "name": "优惠金额",
              "pkey": "quota",
              "value": "12300",
              "value_type": 1,
              "creator_type": 1,
              "creator_id": 38699,
              "biz_code": "mockuai_demo"
            }
          ],
          "parent_id": 0
        },
        "delete_mark": 0,
        "consume": 0,
        "discount_amount": 12300,
        "start_time": "1970-01-01 08:00:00",
        "end_time": "9999-11-30 00:00:00",
        "valid_duration": 123,
        "gmt_created": "2016-08-09 15:19:07"
      },
      {
        "id": 479,
        "biz_code": "mockuai_demo",
        "activity_id": 1101,
        "activity_creator_id": 38699,
        "name": "123",
        "coupon_type": 1,
        "total_count": 123,
        "granted_count": 0,
        "activate_count": 0,
        "used_count": 0,
        "user_count": 0,
        "status": 1,
        "user_receive_limit": 0,
        "market_activity": {
          "id": 1101,
          "biz_code": "mockuai_demo",
          "scope": 3,
          "level": 1,
          "activity_code": "SYS_MARKET_TOOL_000001",
          "activity_name": "123",
          "activity_content": "",
          "start_time": "1970-01-01 08:00:00",
          "end_time": "9999-11-30 00:00:00",
          "coupon_mark": 1,
          "coupon_type": 1,
          "exclusive_mark": 1,
          "tool_id": 27,
          "tool_type": 1,
          "tool_code": "SYS_MARKET_TOOL_000001",
          "creator_type": 1,
          "creator_id": 38699,
          "status": 1,
          "lifecycle": 2,
          "property_list": [
            {
              "id": 2623,
              "owner_type": 2,
              "owner_id": 1101,
              "name": "消费金额",
              "pkey": "consume",
              "value": "0",
              "value_type": 1,
              "creator_type": 1,
              "creator_id": 38699,
              "biz_code": "mockuai_demo"
            },
            {
              "id": 2624,
              "owner_type": 2,
              "owner_id": 1101,
              "name": "优惠金额",
              "pkey": "quota",
              "value": "12300",
              "value_type": 1,
              "creator_type": 1,
              "creator_id": 38699,
              "biz_code": "mockuai_demo"
            }
          ],
          "parent_id": 0
        },
        "delete_mark": 0,
        "consume": 0,
        "discount_amount": 12300,
        "start_time": "1970-01-01 08:00:00",
        "end_time": "9999-11-30 00:00:00",
        "valid_duration": 123,
        "gmt_created": "2016-08-09 15:18:51"
      },
      {
        "id": 478,
        "biz_code": "mockuai_demo",
        "activity_id": 1100,
        "activity_creator_id": 38699,
        "name": "123",
        "coupon_type": 1,
        "total_count": 123,
        "granted_count": 0,
        "activate_count": 0,
        "used_count": 0,
        "user_count": 0,
        "status": 1,
        "user_receive_limit": 0,
        "market_activity": {
          "id": 1100,
          "biz_code": "mockuai_demo",
          "scope": 3,
          "level": 1,
          "activity_code": "SYS_MARKET_TOOL_000001",
          "activity_name": "123",
          "activity_content": "",
          "start_time": "1970-01-01 08:00:00",
          "end_time": "9999-11-30 00:00:00",
          "coupon_mark": 1,
          "coupon_type": 1,
          "exclusive_mark": 1,
          "tool_id": 27,
          "tool_type": 1,
          "tool_code": "SYS_MARKET_TOOL_000001",
          "creator_type": 1,
          "creator_id": 38699,
          "status": 1,
          "lifecycle": 2,
          "property_list": [
            {
              "id": 2620,
              "owner_type": 2,
              "owner_id": 1100,
              "name": "消费金额",
              "pkey": "consume",
              "value": "0",
              "value_type": 1,
              "creator_type": 1,
              "creator_id": 38699,
              "biz_code": "mockuai_demo"
            },
            {
              "id": 2622,
              "owner_type": 2,
              "owner_id": 1100,
              "name": "优惠金额",
              "pkey": "quota",
              "value": "12300",
              "value_type": 1,
              "creator_type": 1,
              "creator_id": 38699,
              "biz_code": "mockuai_demo"
            }
          ],
          "parent_id": 0
        },
        "delete_mark": 0,
        "consume": 0,
        "discount_amount": 12300,
        "start_time": "1970-01-01 08:00:00",
        "end_time": "9999-11-30 00:00:00",
        "valid_duration": 123,
        "gmt_created": "2016-08-09 15:18:38"
      },
      {
        "id": 477,
        "biz_code": "mockuai_demo",
        "activity_id": 1099,
        "activity_creator_id": 38699,
        "name": "123",
        "coupon_type": 1,
        "total_count": 123,
        "granted_count": 0,
        "activate_count": 0,
        "used_count": 0,
        "user_count": 0,
        "status": 1,
        "user_receive_limit": 0,
        "market_activity": {
          "id": 1099,
          "biz_code": "mockuai_demo",
          "scope": 3,
          "level": 1,
          "activity_code": "SYS_MARKET_TOOL_000001",
          "activity_name": "123",
          "activity_content": "",
          "start_time": "1970-01-01 08:00:00",
          "end_time": "9999-11-30 00:00:00",
          "coupon_mark": 1,
          "coupon_type": 1,
          "exclusive_mark": 1,
          "tool_id": 27,
          "tool_type": 1,
          "tool_code": "SYS_MARKET_TOOL_000001",
          "creator_type": 1,
          "creator_id": 38699,
          "status": 1,
          "lifecycle": 2,
          "property_list": [
            {
              "id": 2619,
              "owner_type": 2,
              "owner_id": 1099,
              "name": "消费金额",
              "pkey": "consume",
              "value": "0",
              "value_type": 1,
              "creator_type": 1,
              "creator_id": 38699,
              "biz_code": "mockuai_demo"
            },
            {
              "id": 2621,
              "owner_type": 2,
              "owner_id": 1099,
              "name": "优惠金额",
              "pkey": "quota",
              "value": "12300",
              "value_type": 1,
              "creator_type": 1,
              "creator_id": 38699,
              "biz_code": "mockuai_demo"
            }
          ],
          "parent_id": 0
        },
        "delete_mark": 0,
        "consume": 0,
        "discount_amount": 12300,
        "start_time": "1970-01-01 08:00:00",
        "end_time": "9999-11-30 00:00:00",
        "valid_duration": 123,
        "gmt_created": "2016-08-09 15:18:38"
      },
      {
        "id": 476,
        "biz_code": "mockuai_demo",
        "activity_id": 1098,
        "activity_creator_id": 38699,
        "name": "123",
        "coupon_type": 1,
        "total_count": 123,
        "granted_count": 0,
        "activate_count": 0,
        "used_count": 0,
        "user_count": 0,
        "status": 1,
        "user_receive_limit": 0,
        "market_activity": {
          "id": 1098,
          "biz_code": "mockuai_demo",
          "scope": 3,
          "level": 1,
          "activity_code": "SYS_MARKET_TOOL_000001",
          "activity_name": "123",
          "activity_content": "",
          "start_time": "1970-01-01 08:00:00",
          "end_time": "9999-11-30 00:00:00",
          "coupon_mark": 1,
          "coupon_type": 1,
          "exclusive_mark": 1,
          "tool_id": 27,
          "tool_type": 1,
          "tool_code": "SYS_MARKET_TOOL_000001",
          "creator_type": 1,
          "creator_id": 38699,
          "status": 1,
          "lifecycle": 2,
          "property_list": [
            {
              "id": 2617,
              "owner_type": 2,
              "owner_id": 1098,
              "name": "消费金额",
              "pkey": "consume",
              "value": "0",
              "value_type": 1,
              "creator_type": 1,
              "creator_id": 38699,
              "biz_code": "mockuai_demo"
            },
            {
              "id": 2618,
              "owner_type": 2,
              "owner_id": 1098,
              "name": "优惠金额",
              "pkey": "quota",
              "value": "12300",
              "value_type": 1,
              "creator_type": 1,
              "creator_id": 38699,
              "biz_code": "mockuai_demo"
            }
          ],
          "parent_id": 0
        },
        "delete_mark": 0,
        "consume": 0,
        "discount_amount": 12300,
        "start_time": "1970-01-01 08:00:00",
        "end_time": "9999-11-30 00:00:00",
        "valid_duration": 123,
        "gmt_created": "2016-08-09 15:17:41"
      }
    ],
    "total_count": 91
  }
}