{
  "code": 10000,
  "msg": "请求处理成功",
  "data": {
    "data": [
      {
        "id": 163803,
        "item_uid": "38699_163803",
        "item_name": "测试类目屏蔽2",
        "seller_id": 38699,
        "item_type": 1,
        "icon_url": "http://img.mockuai.com/images/20160912/17/20160912172502967.png",
        "category_id": 3141,
        "market_price": 1100,
        "promotion_price": 1100,
        "sale_min_num": 1,
        "item_status": 4,
        "virtual_mark": 0,
        "delete_mark": 0,
        "gmt_created": "2016-09-13 10:44:57",
        "gmt_modified": "2016-09-13 10:44:57",
        "item_desc": "<p>123</p>",
        "single_sku": 1,
        "higo_mark": 1,
        "category_name": "测试080202",
        "create_time": "2016-09-13 10:44:57",
        "status_name": "上架",
        "biz_code": "mockuai_demo",
        "freight": 0,
        "shop_id": 85,
        "stock_num": 111,
        "biz_tag": 1
      },
      {
        "id": 163802,
        "item_uid": "38699_163802",
        "item_name": "测试类目屏蔽1",
        "seller_id": 38699,
        "item_type": 1,
        "icon_url": "http://img.mockuai.com/images/20160912/17/20160912172502967.png",
        "category_id": 3140,
        "market_price": 1100,
        "promotion_price": 1100,
        "sale_min_num": 1,
        "item_status": 4,
        "virtual_mark": 0,
        "delete_mark": 0,
        "gmt_created": "2016-09-13 10:44:37",
        "gmt_modified": "2016-09-13 10:44:37",
        "item_desc": "<p>123</p>",
        "single_sku": 1,
        "higo_mark": 1,
        "category_name": "测试080201",
        "create_time": "2016-09-13 10:44:37",
        "status_name": "上架",
        "biz_code": "mockuai_demo",
        "freight": 0,
        "shop_id": 85,
        "stock_num": 111,
        "biz_tag": 1
      },
      {
        "id": 163726,
        "item_uid": "38699_163726",
        "item_name": "秒杀特供",
        "seller_id": 38699,
        "item_brand_id": 4336,
        "item_type": 1,
        "icon_url": "http://img.mockuai.com/images/20160824/11/20160824115122550.jpg",
        "category_id": 3038,
        "group_id": 81,
        "market_price": 10000,
        "promotion_price": 1000,
        "sale_min_num": 1,
        "item_status": 4,
        "virtual_mark": 0,
        "delete_mark": 0,
        "gmt_created": "2016-08-09 14:08:36",
        "gmt_modified": "2016-08-24 16:12:37",
        "item_desc": "<p>123123</p>",
        "single_sku": 1,
        "higo_mark": 1,
        "category_name": "水果",
        "brand_name": "ceshi123",
        "create_time": "2016-08-09 14:08:36",
        "status_name": "上架",
        "biz_code": "mockuai_demo",
        "delivery_type": 0,
        "freight": 0,
        "shop_id": 85,
        "stock_num": 11111,
        "biz_tag": 1
      },
      {
        "id": 163716,
        "item_uid": "38699_163716",
        "item_name": "vivo X7Plus全网通4G自拍拍照八核大屏指纹智能手机vivox7plus",
        "seller_id": 38699,
        "item_type": 1,
        "icon_url": "http://img.alicdn.com/bao/uploaded/i1/TB1EpEyLXXXXXapXFXXXXXXXXXX_!!0-item_pic.jpg_430x430q90.jpg",
        "category_id": 3206,
        "group_id": 83,
        "market_price": 4500,
        "promotion_price": 2200,
        "sale_min_num": 1,
        "item_status": 4,
        "virtual_mark": 0,
        "delete_mark": 0,
        "gmt_created": "2016-08-08 16:56:09",
        "gmt_modified": "2016-08-26 09:40:22",
        "item_desc": "<p><img align=\"absmiddle\" src=\"https://img.alicdn.com/imgextra/i1/883737303/TB2UEClsVXXXXXXXpXXXXXXXXXX-883737303.jpg\"/><img align=\"absmiddle\" src=\"https://img.alicdn.com/imgextra/i2/883737303/TB2V4epsVXXXXc2XXXXXXXXXXXX-883737303.jpg\"/><img align=\"absmiddle\" src=\"https://img.alicdn.com/imgextra/i2/883737303/TB2FwBMsVXXXXXoXFXXXXXXXXXX-883737303.jpg\"/><img align=\"absmiddle\" src=\"https://img.alicdn.com/imgextra/i2/883737303/TB2L.mOsVXXXXXnXXXXXXXXXXXX-883737303.jpg\"/><img align=\"absmiddle\" src=\"https://img.alicdn.com/imgextra/i2/883737303/TB2ONCDsVXXXXaIXXXXXXXXXXXX-883737303.jpg\"/><img align=\"absmiddle\" src=\"https://img.alicdn.com/imgextra/i2/883737303/TB2PdalsVXXXXXFXpXXXXXXXXXX-883737303.jpg\"/><img align=\"absmiddle\" src=\"https://img.alicdn.com/imgextra/i3/883737303/TB2kOV6sVXXXXbpXpXXXXXXXXXX-883737303.jpg\"/><img align=\"absmiddle\" src=\"https://img.alicdn.com/imgextra/i4/883737303/TB2uxF8sVXXXXarXpXXXXXXXXXX-883737303.jpg\"/><img align=\"absmiddle\" src=\"https://img.alicdn.com/imgextra/i3/883737303/TB2s_yHsVXXXXafXXXXXXXXXXXX-883737303.jpg\"/><img align=\"absmiddle\" src=\"https://img.alicdn.com/imgextra/i2/883737303/TB2ofR5sVXXXXbAXpXXXXXXXXXX-883737303.jpg\"/><img align=\"absmiddle\" src=\"https://img.alicdn.com/imgextra/i4/883737303/TB2yn5IsVXXXXXQXXXXXXXXXXXX-883737303.jpg\"/><img src=\"https://img.alicdn.com/imgextra/i2/883737303/TB2__dmuXXXXXcLXpXXXXXXXXXX-883737303.jpg\" align=\"absmiddle\"/><img src=\"https://img.alicdn.com/imgextra/i2/883737303/TB2ESSBsVXXXXaRXXXXXXXXXXXX-883737303.jpg\" align=\"absmiddle\"/><img align=\"absmiddle\" src=\"https://img.alicdn.com/imgextra/i1/883737303/TB2PzSGsVXXXXaHXXXXXXXXXXXX-883737303.jpg\"/></p>",
        "single_sku": 0,
        "higo_mark": 1,
        "category_name": "家政服务",
        "create_time": "2016-08-08 16:56:09",
        "status_name": "上架",
        "biz_code": "mockuai_demo",
        "delivery_type": 0,
        "freight": 0,
        "shop_id": 85,
        "stock_num": 48,
        "biz_tag": 1
      },
      {
        "id": 163711,
        "item_uid": "38699_163711",
        "item_name": "测试主图显示／测试商品详情图片  七分袖修身版型女式长款西装|315108025",
        "seller_id": 38699,
        "item_type": 1,
        "icon_url": "http://gd2.alicdn.com/bao/uploaded/i2/TB1Gz9sKFXXXXbKXVXXXXXXXXXX_!!0-item_pic.jpg_400x400.jpg",
        "category_id": 3038,
        "market_price": 23300,
        "promotion_price": 2200,
        "sale_min_num": 1,
        "item_status": 4,
        "virtual_mark": 0,
        "delete_mark": 0,
        "gmt_created": "2016-08-08 11:10:22",
        "gmt_modified": "2016-08-08 15:49:13",
        "item_desc": "<p>123</p><p><img src=\"http://img.mockuai.com/images/201608/08/11/20160808112744225.jpg\" title=\"正在上传...\"/></p><p><img src=\"http://img.mockuai.com/images/201608/08/11/20160808112752808.jpg\" title=\"正在上传...\"/></p>",
        "single_sku": 0,
        "desc_tmpl_id": 108,
        "higo_mark": 1,
        "category_name": "水果",
        "create_time": "2016-08-08 11:10:22",
        "status_name": "上架",
        "biz_code": "mockuai_demo",
        "delivery_type": 0,
        "freight": 0,
        "shop_id": 85,
        "stock_num": 43,
        "biz_tag": 1
      },
      {
        "id": 163710,
        "item_uid": "38699_163710",
        "item_name": "测试规格3",
        "seller_id": 38699,
        "item_type": 1,
        "icon_url": "http://img.mockuai.com/images/20160728/17/20160728173717208.png",
        "category_id": 3038,
        "market_price": 100,
        "promotion_price": 100,
        "sale_min_num": 1,
        "item_status": 4,
        "virtual_mark": 0,
        "delete_mark": 0,
        "gmt_created": "2016-08-08 10:27:50",
        "gmt_modified": "2016-09-09 14:08:49",
        "item_desc": "&lt;p&gt;1&lt;/p&gt;",
        "single_sku": 1,
        "higo_mark": 1,
        "category_name": "水果",
        "create_time": "2016-08-08 10:27:50",
        "status_name": "上架",
        "biz_code": "mockuai_demo",
        "delivery_type": 0,
        "freight": 0,
        "shop_id": 85,
        "stock_num": 1,
        "biz_tag": 1
      },
      {
        "id": 163709,
        "item_uid": "38699_163709",
        "item_name": "测试规格2",
        "seller_id": 38699,
        "item_type": 1,
        "icon_url": "http://img.mockuai.com/images/20160728/17/20160728173717208.png",
        "category_id": 3038,
        "market_price": 100,
        "promotion_price": 100,
        "sale_min_num": 1,
        "item_status": 4,
        "virtual_mark": 0,
        "delete_mark": 0,
        "gmt_created": "2016-08-08 09:57:34",
        "gmt_modified": "2016-08-08 10:25:37",
        "item_desc": "<p>1</p>",
        "single_sku": 1,
        "higo_mark": 1,
        "category_name": "水果",
        "create_time": "2016-08-08 09:57:34",
        "status_name": "上架",
        "biz_code": "mockuai_demo",
        "delivery_type": 0,
        "freight": 0,
        "shop_id": 85,
        "stock_num": 1,
        "biz_tag": 1
      },
      {
        "id": 163708,
        "item_uid": "38699_163708",
        "item_name": "测试规格",
        "seller_id": 38699,
        "item_type": 1,
        "icon_url": "http://img.mockuai.com/images/20160728/17/20160728173717208.png",
        "category_id": 3038,
        "market_price": 100,
        "promotion_price": 100,
        "sale_min_num": 1,
        "item_status": 4,
        "virtual_mark": 0,
        "delete_mark": 0,
        "gmt_created": "2016-08-08 09:45:10",
        "gmt_modified": "2016-08-08 15:42:45",
        "item_desc": "<p>1</p>",
        "single_sku": 1,
        "higo_mark": 1,
        "category_name": "水果",
        "create_time": "2016-08-08 09:45:10",
        "status_name": "上架",
        "biz_code": "mockuai_demo",
        "delivery_type": 0,
        "freight": 0,
        "shop_id": 85,
        "stock_num": 0,
        "biz_tag": 1
      },
      {
        "id": 161913,
        "item_uid": "38699_161913",
        "item_name": " ",
        "seller_id": 38699,
        "item_type": 1,
        "icon_url": "http://img.mockuai.com/images/20160525/15/20160525151548787.jpg",
        "category_id": 3075,
        "market_price": 300,
        "promotion_price": 300,
        "sale_min_num": 1,
        "item_status": 4,
        "virtual_mark": 0,
        "delete_mark": 0,
        "gmt_created": "2016-06-22 15:47:08",
        "gmt_modified": "2016-06-30 10:17:33",
        "item_desc": "<p>3&nbsp;</p>",
        "single_sku": 1,
        "higo_mark": 1,
        "category_name": "美容护肤",
        "create_time": "2016-06-22 15:47:08",
        "status_name": "上架",
        "biz_code": "mockuai_demo",
        "freight": 0,
        "shop_id": 85,
        "stock_num": 3,
        "biz_tag": 1
      },
      {
        "id": 161911,
        "item_uid": "38699_161911",
        "item_name": "test_2",
        "seller_id": 38699,
        "item_brand_id": 4336,
        "item_type": 1,
        "icon_url": "http://img.mockuai.com/images/20160525/15/20160525152554604.jpg",
        "category_id": 3075,
        "group_id": 43,
        "market_price": 19900,
        "promotion_price": 10000,
        "sale_min_num": 1,
        "item_status": 4,
        "virtual_mark": 0,
        "delete_mark": 0,
        "gmt_created": "2016-06-22 13:55:54",
        "gmt_modified": "2016-09-12 17:03:39",
        "item_desc": "<p>safsafdsaf</p>",
        "single_sku": 1,
        "higo_mark": 1,
        "category_name": "美容护肤",
        "brand_name": "ceshi123",
        "create_time": "2016-06-22 13:55:54",
        "status_name": "上架",
        "biz_code": "mockuai_demo",
        "delivery_type": 0,
        "freight": 0,
        "shop_id": 85,
        "stock_num": 23,
        "biz_tag": 1
      },
      {
        "id": 161909,
        "item_uid": "38699_161909",
        "item_name": "test_3",
        "seller_id": 38699,
        "item_brand_id": 4336,
        "item_type": 1,
        "icon_url": "http://img.mockuai.com/images/20160530/14/20160530143243755.jpg",
        "category_id": 3038,
        "group_id": 83,
        "market_price": 10000,
        "promotion_price": 9900,
        "sale_min_num": 1,
        "item_status": 5,
        "virtual_mark": 0,
        "delete_mark": 0,
        "gmt_created": "2016-06-22 11:05:36",
        "gmt_modified": "2016-07-26 10:49:05",
        "item_desc": "<p>adsaflsjafl</p>",
        "single_sku": 0,
        "higo_mark": 1,
        "category_name": "水果",
        "brand_name": "ceshi123",
        "create_time": "2016-06-22 11:05:36",
        "status_name": "下架",
        "biz_code": "mockuai_demo",
        "delivery_type": 0,
        "freight": 0,
        "shop_id": 85,
        "stock_num": 27,
        "biz_tag": 1
      },
      {
        "id": 161864,
        "item_uid": "38699_161864",
        "item_name": "测试sku2",
        "seller_id": 38699,
        "item_type": 1,
        "icon_url": "http://img.mockuai.com/images/20160527/15/20160527155138321.png",
        "category_id": 3116,
        "market_price": 10000,
        "promotion_price": 10000,
        "sale_min_num": 1,
        "item_status": 4,
        "virtual_mark": 0,
        "delete_mark": 0,
        "gmt_created": "2016-06-12 14:12:22",
        "gmt_modified": "2016-06-23 14:40:04",
        "item_desc": "<p>11</p>",
        "single_sku": 0,
        "higo_mark": 1,
        "category_name": "清洁",
        "create_time": "2016-06-12 14:12:22",
        "status_name": "上架",
        "biz_code": "mockuai_demo",
        "freight": 0,
        "shop_id": 85,
        "stock_num": 3993,
        "biz_tag": 1
      },
      {
        "id": 161863,
        "item_uid": "38699_161863",
        "item_name": "测试sku",
        "seller_id": 38699,
        "item_type": 1,
        "icon_url": "http://img.mockuai.com/images/20160525/15/20160525152554604.jpg",
        "category_id": 3116,
        "market_price": 100,
        "promotion_price": 100,
        "sale_min_num": 1,
        "item_status": 4,
        "virtual_mark": 0,
        "delete_mark": 0,
        "gmt_created": "2016-06-12 14:01:13",
        "gmt_modified": "2016-06-23 11:09:06",
        "item_desc": "<p>1111</p>",
        "single_sku": 0,
        "higo_mark": 1,
        "category_name": "清洁",
        "create_time": "2016-06-12 14:01:13",
        "status_name": "上架",
        "biz_code": "mockuai_demo",
        "freight": 0,
        "shop_id": 85,
        "stock_num": 3,
        "biz_tag": 1
      },
      {
        "id": 161850,
        "item_uid": "38699_161850",
        "item_name": "衣服基本",
        "seller_id": 38699,
        "item_type": 1,
        "icon_url": "http://img.mockuai.com/images/20160331/18/20160331180224442.png",
        "category_id": 3102,
        "market_price": 10000,
        "promotion_price": 9000,
        "sale_min_num": 1,
        "item_status": 4,
        "virtual_mark": 0,
        "delete_mark": 0,
        "gmt_created": "2016-06-01 16:06:54",
        "gmt_modified": "2016-06-23 11:09:06",
        "item_desc": "<p>SDASD</p>",
        "single_sku": 0,
        "higo_mark": 1,
        "category_name": "粮油米面",
        "create_time": "2016-06-01 16:06:54",
        "status_name": "上架",
        "biz_code": "mockuai_demo",
        "freight": 0,
        "shop_id": 85,
        "stock_num": 400,
        "biz_tag": 1
      },
      {
        "id": 161849,
        "item_uid": "38699_161849",
        "item_name": "茶饮-单个",
        "seller_id": 38699,
        "item_type": 1,
        "icon_url": "http://img.mockuai.com/images/20160428/11/20160428111539264.jpg",
        "category_id": 3039,
        "market_price": 1000,
        "promotion_price": 2000,
        "sale_min_num": 1,
        "item_status": 4,
        "virtual_mark": 0,
        "delete_mark": 0,
        "gmt_created": "2016-06-01 16:05:31",
        "gmt_modified": "2016-07-27 11:14:19",
        "item_desc": "<p>撒打算</p>",
        "single_sku": 0,
        "higo_mark": 1,
        "category_name": "茶饮",
        "create_time": "2016-06-01 16:05:31",
        "status_name": "上架",
        "biz_code": "mockuai_demo",
        "freight": 0,
        "shop_id": 85,
        "stock_num": 40,
        "biz_tag": 1
      },
      {
        "id": 161848,
        "item_uid": "38699_161848",
        "item_name": "上衣-单个",
        "seller_id": 38699,
        "item_type": 1,
        "icon_url": "http://img.mockuai.com/images/20160505/20/20160505205041864.jpg",
        "category_id": 3021,
        "market_price": 1000,
        "promotion_price": 1000,
        "sale_min_num": 1,
        "item_status": 4,
        "virtual_mark": 0,
        "delete_mark": 0,
        "gmt_created": "2016-06-01 16:04:19",
        "gmt_modified": "2016-06-23 11:09:07",
        "item_desc": "<p>ASDA</p>",
        "single_sku": 0,
        "higo_mark": 1,
        "category_name": "上衣",
        "create_time": "2016-06-01 16:04:19",
        "status_name": "上架",
        "biz_code": "mockuai_demo",
        "freight": 0,
        "shop_id": 85,
        "stock_num": 300,
        "biz_tag": 1
      },
      {
        "id": 161847,
        "item_uid": "38699_161847",
        "item_name": "主商品",
        "seller_id": 38699,
        "item_type": 1,
        "icon_url": "http://img.mockuai.com/images/20160511/19/20160511194203548.png",
        "category_id": 3102,
        "market_price": 1000,
        "promotion_price": 2000,
        "sale_min_num": 1,
        "item_status": 4,
        "virtual_mark": 0,
        "delete_mark": 0,
        "gmt_created": "2016-06-01 14:22:29",
        "gmt_modified": "2016-06-01 14:22:31",
        "item_desc": "<p>1111</p>",
        "single_sku": 0,
        "higo_mark": 1,
        "category_name": "粮油米面",
        "create_time": "2016-06-01 14:22:29",
        "status_name": "上架",
        "biz_code": "mockuai_demo",
        "freight": 0,
        "shop_id": 85,
        "stock_num": 900,
        "biz_tag": 1
      },
      {
        "id": 161839,
        "item_uid": "38699_161839",
        "item_name": "1",
        "item_brief": "",
        "seller_id": 38699,
        "item_type": 1,
        "icon_url": "http://img.mockuai.com/images/20160521/17/20160521171111476.jpg",
        "category_id": 3036,
        "market_price": 100,
        "promotion_price": 100,
        "sale_min_num": 1,
        "item_status": 5,
        "virtual_mark": 0,
        "delete_mark": 0,
        "gmt_created": "2016-05-23 15:30:24",
        "gmt_modified": "2016-06-23 11:08:28",
        "item_desc": "<p>1</p>",
        "single_sku": 1,
        "higo_mark": 1,
        "category_name": "零食",
        "create_time": "2016-05-23 15:30:24",
        "status_name": "下架",
        "biz_code": "mockuai_demo",
        "freight": 0,
        "shop_id": 85,
        "stock_num": 1,
        "biz_tag": 1
      },
      {
        "id": 161838,
        "item_uid": "38699_161838",
        "item_name": "1",
        "item_brief": "",
        "seller_id": 38699,
        "item_type": 1,
        "icon_url": "http://img.mockuai.com/images/20160521/17/20160521171111476.jpg",
        "category_id": 3036,
        "market_price": 100,
        "promotion_price": 100,
        "sale_min_num": 1,
        "item_status": 4,
        "virtual_mark": 0,
        "delete_mark": 0,
        "gmt_created": "2016-05-23 15:29:49",
        "gmt_modified": "2016-09-08 17:36:31",
        "item_desc": "<p>1</p>",
        "single_sku": 1,
        "higo_mark": 1,
        "category_name": "零食",
        "create_time": "2016-05-23 15:29:49",
        "status_name": "上架",
        "biz_code": "mockuai_demo",
        "delivery_type": 0,
        "freight": 0,
        "shop_id": 85,
        "stock_num": 1,
        "biz_tag": 1
      },
      {
        "id": 161837,
        "item_uid": "38699_161837",
        "item_name": "1",
        "item_brief": "",
        "seller_id": 38699,
        "item_type": 1,
        "icon_url": "http://img.mockuai.com/images/20160521/17/20160521171111476.jpg",
        "category_id": 3036,
        "market_price": 100,
        "promotion_price": 100,
        "sale_min_num": 1,
        "item_status": 5,
        "virtual_mark": 0,
        "delete_mark": 0,
        "gmt_created": "2016-05-23 15:28:47",
        "gmt_modified": "2016-05-23 15:28:47",
        "item_desc": "<p>1</p>",
        "single_sku": 1,
        "higo_mark": 1,
        "category_name": "零食",
        "create_time": "2016-05-23 15:28:47",
        "status_name": "下架",
        "biz_code": "mockuai_demo",
        "freight": 0,
        "shop_id": 85,
        "stock_num": 1,
        "biz_tag": 1
      }
    ],
    "total_count": 170
  }
}